Date_Time,Temperature_C,Humidity_pct,Wind_Speed_kmh,Precipitation_mm,Pressure_hPa,City
2023-01-01 00:00:00,17.66,81.41,5.23,0.72,1023.68,Sydney
2023-01-01 01:00:00,14.48,76.66,0.68,1.66,1019.04,New York
2023-01-01 02:00:00,18.41,68.01,4.29,3.26,1036.04,Sydney
2023-01-01 03:00:00,22.79,60.95,1.18,0.3,998.21,New York
2023-01-01 04:00:00,14.0,74.4,16.51,1.74,1025.59,London
2023-01-01 05:00:00,14.0,71.35,29.51,1.41,1024.46,Paris
2023-01-01 06:00:00,23.07,76.37,0.75,0.31,1003.27,Sydney
2023-01-01 07:00:00,19.01,73.77,31.04,1.96,1023.07,New York
2023-01-01 08:00:00,12.82,77.91,7.39,0.64,1016.36,Tokyo
2023-01-01 09:00:00,17.88,62.06,3.56,1.34,1010.73,London
2023-01-01 10:00:00,12.86,80.59,0.8,0.17,1004.76,Paris
2023-01-01 11:00:00,12.84,69.39,6.94,1.23,1005.81,London
2023-01-01 12:00:00,16.38,88.17,15.82,0.73,1033.5,Tokyo
2023-01-01 13:00:00,5.61,60.53,12.28,3.46,1013.01,Paris
2023-01-01 14:00:00,6.55,84.78,0.52,0.12,1020.82,Tokyo
2023-01-01 15:00:00,12.36,69.4,0.76,1.08,1005.09,London
2023-01-01 16:00:00,10.11,60.9,5.16,1.23,1005.2,New York
2023-01-01 17:00:00,16.74,62.58,3.5,2.58,1023.82,London
2023-01-01 18:00:00,10.63,64.21,2.64,1.71,999.5,London
2023-01-01 19:00:00,8.11,71.66,3.3,2.2,1008.85,London
2023-01-01 20:00:00,22.5,72.65,16.27,3.0,1013.34,Sydney
2023-01-01 21:00:00,14.04,61.68,26.48,3.96,1014.11,Tokyo
2023-01-01 22:00:00,15.51,67.17,5.19,0.75,1011.21,Tokyo
2023-01-01 23:00:00,8.05,88.84,23.66,1.54,1016.96,Tokyo
2023-01-02 00:00:00,12.62,84.92,3.88,3.67,1019.93,Sydney
2023-01-02 01:00:00,15.9,72.0,6.47,9.1,1020.35,New York
2023-01-02 02:00:00,9.59,68.02,2.56,4.41,1003.14,London
2023-01-02 03:00:00,17.22,68.84,10.23,0.93,1010.16,New York
2023-01-02 04:00:00,12.34,73.78,38.62,0.43,1024.95,Sydney
2023-01-02 05:00:00,13.89,57.41,9.25,1.34,1021.95,Tokyo
2023-01-02 06:00:00,12.34,65.07,4.43,2.71,999.27,London
2023-01-02 07:00:00,24.61,50.95,10.44,1.36,1016.51,Paris
2023-01-02 08:00:00,15.28,71.63,1.31,1.32,993.22,Paris
2023-01-02 09:00:00,10.06,74.11,21.95,3.64,1013.47,New York
2023-01-02 10:00:00,19.46,62.81,6.99,0.9,1031.98,Tokyo
2023-01-02 11:00:00,9.24,83.38,5.97,3.93,1003.52,Paris
2023-01-02 12:00:00,16.39,55.38,8.82,1.04,1004.66,New York
2023-01-02 13:00:00,5.55,53.0,9.8,0.8,1020.64,Sydney
2023-01-02 14:00:00,8.7,69.88,0.74,1.21,997.57,New York
2023-01-02 15:00:00,16.33,78.11,11.48,2.87,1006.67,New York
2023-01-02 16:00:00,19.04,84.48,2.77,0.27,1018.96,New York
2023-01-02 17:00:00,16.2,63.05,12.52,0.44,1006.66,London
2023-01-02 18:00:00,14.77,78.43,17.29,6.05,1010.64,New York
2023-01-02 19:00:00,13.84,67.26,16.29,0.39,1020.44,New York
2023-01-02 20:00:00,7.95,65.91,8.04,1.68,1017.22,London
2023-01-02 21:00:00,11.74,76.48,7.34,1.73,1015.67,London
2023-01-02 22:00:00,13.04,74.16,1.54,1.35,1009.61,Sydney
2023-01-02 23:00:00,20.63,51.88,14.93,2.07,1016.7,Tokyo
2023-01-03 00:00:00,17.23,82.63,3.17,0.52,1011.76,Paris
2023-01-03 01:00:00,6.7,81.66,6.87,1.61,1017.58,Paris
2023-01-03 02:00:00,17.14,61.61,3.34,0.93,1008.03,New York
2023-01-03 03:00:00,13.59,71.82,1.44,2.17,1011.17,Sydney
2023-01-03 04:00:00,12.13,72.8,9.93,0.3,1003.1,New York
2023-01-03 05:00:00,18.57,70.47,0.56,1.69,1012.65,Paris
2023-01-03 06:00:00,20.67,62.36,13.81,0.41,1004.89,London
2023-01-03 07:00:00,20.17,61.15,3.82,0.65,1001.86,Tokyo
2023-01-03 08:00:00,11.32,67.61,0.0,0.49,1015.59,Sydney
2023-01-03 09:00:00,13.97,79.59,7.16,0.4,1015.13,London
2023-01-03 10:00:00,17.17,73.3,0.48,3.49,1020.83,Tokyo
2023-01-03 11:00:00,20.39,64.16,3.23,0.67,1008.69,Sydney
2023-01-03 12:00:00,13.12,75.58,12.28,5.24,1017.08,Sydney
2023-01-03 13:00:00,14.59,39.38,0.65,7.01,1018.51,Paris
2023-01-03 14:00:00,9.98,79.35,18.28,1.69,1017.45,London
2023-01-03 15:00:00,9.54,50.46,0.04,0.31,1004.74,Sydney
2023-01-03 16:00:00,19.58,64.24,2.83,0.94,1014.49,Sydney
2023-01-03 17:00:00,22.3,56.66,13.51,3.2,1016.64,Tokyo
2023-01-03 18:00:00,15.16,54.91,3.8,0.92,1013.07,Paris
2023-01-03 19:00:00,20.53,79.47,1.07,0.18,992.14,New York
2023-01-03 20:00:00,17.32,63.18,4.47,1.63,1014.6,Paris
2023-01-03 21:00:00,12.29,71.33,3.15,3.73,1035.13,New York
2023-01-03 22:00:00,17.32,67.39,18.5,3.18,1009.4,London
2023-01-03 23:00:00,23.21,72.63,3.76,0.39,1005.72,London
2023-01-04 00:00:00,15.51,68.85,15.56,2.23,1016.73,Sydney
2023-01-04 01:00:00,23.51,55.25,22.24,0.5,1016.12,London
2023-01-04 02:00:00,2.59,78.04,5.69,0.49,1024.93,Sydney
2023-01-04 03:00:00,19.8,63.14,24.07,4.14,1000.42,Paris
2023-01-04 04:00:00,16.12,52.51,4.74,0.57,1020.31,London
2023-01-04 05:00:00,14.19,63.8,33.26,0.61,1018.9,Paris
2023-01-04 06:00:00,16.15,83.09,0.94,0.0,1011.58,Paris
2023-01-04 07:00:00,5.75,76.58,11.62,4.09,1016.39,London
2023-01-04 08:00:00,14.59,64.59,6.81,3.15,1023.29,Paris
2023-01-04 09:00:00,17.47,64.59,4.9,1.97,1021.72,London
2023-01-04 10:00:00,23.08,64.86,10.02,2.77,1001.57,London
2023-01-04 11:00:00,13.1,88.85,12.17,0.33,1021.2,London
2023-01-04 12:00:00,11.65,71.9,0.04,1.23,1012.35,New York
2023-01-04 13:00:00,13.18,72.38,1.83,0.87,1013.73,Paris
2023-01-04 14:00:00,20.27,78.38,12.48,0.2,1013.73,Tokyo
2023-01-04 15:00:00,17.33,70.47,10.98,1.33,1011.5,London
2023-01-04 16:00:00,13.04,65.49,33.83,5.07,1024.92,Paris
2023-01-04 17:00:00,18.25,66.12,14.31,0.08,1012.16,Sydney
2023-01-04 18:00:00,16.17,67.36,30.11,0.69,1001.8,London
2023-01-04 19:00:00,20.53,67.71,12.12,0.47,1009.06,London
2023-01-04 20:00:00,12.18,75.36,3.54,0.54,1014.79,Tokyo
2023-01-04 21:00:00,14.05,68.6,1.11,4.78,1025.29,New York
2023-01-04 22:00:00,13.73,75.41,15.22,1.26,1019.03,New York
2023-01-04 23:00:00,8.37,67.27,10.33,1.26,1004.49,London
2023-01-05 00:00:00,17.34,69.08,0.49,2.86,1037.85,Paris
2023-01-05 01:00:00,17.16,48.31,4.46,0.34,1015.65,Sydney
2023-01-05 02:00:00,15.89,77.46,31.42,1.34,1025.75,Sydney
2023-01-05 03:00:00,14.69,71.76,6.94,1.12,1011.48,Paris
2023-01-05 04:00:00,8.78,78.28,5.67,1.82,1018.33,London
2023-01-05 05:00:00,13.76,39.33,6.12,15.45,1021.39,Sydney
2023-01-05 06:00:00,14.15,89.18,2.34,2.93,1025.18,New York
2023-01-05 07:00:00,11.85,66.9,4.6,1.01,1023.57,Paris
2023-01-05 08:00:00,15.05,79.38,4.62,3.52,1021.72,Tokyo
2023-01-05 09:00:00,17.88,57.9,0.54,0.37,1009.85,London
2023-01-05 10:00:00,25.29,74.42,14.59,0.06,1007.28,Paris
2023-01-05 11:00:00,16.73,57.76,5.39,0.46,1016.33,Sydney
2023-01-05 12:00:00,17.15,62.06,17.27,0.83,1022.33,London
2023-01-05 13:00:00,15.49,87.44,18.99,1.43,1010.77,New York
2023-01-05 14:00:00,6.27,66.39,2.38,1.91,1023.65,London
2023-01-05 15:00:00,15.73,70.47,10.71,4.83,1027.53,London
2023-01-05 16:00:00,16.16,77.0,6.39,1.43,1003.84,New York
2023-01-05 17:00:00,28.18,73.25,21.22,1.39,1004.63,New York
2023-01-05 18:00:00,14.9,69.8,2.43,0.1,1011.6,London
2023-01-05 19:00:00,17.37,71.95,11.33,0.07,1016.08,New York
2023-01-05 20:00:00,15.69,92.33,9.36,1.6,1007.75,Paris
2023-01-05 21:00:00,10.02,67.72,3.5,1.15,1026.52,New York
2023-01-05 22:00:00,21.57,70.31,1.47,3.65,1017.24,New York
2023-01-05 23:00:00,19.62,78.8,10.55,0.35,1013.39,London
2023-01-06 00:00:00,19.99,79.57,13.42,0.05,998.64,Paris
2023-01-06 01:00:00,11.48,80.38,3.79,1.19,999.84,Tokyo
2023-01-06 02:00:00,23.04,74.9,10.35,0.54,1015.81,Tokyo
2023-01-06 03:00:00,9.02,57.08,5.03,0.1,991.67,Sydney
2023-01-06 04:00:00,18.97,84.84,12.49,2.58,1023.13,New York
2023-01-06 05:00:00,26.98,57.05,2.22,0.24,1011.42,New York
2023-01-06 06:00:00,11.08,71.54,22.09,1.87,1045.43,Paris
2023-01-06 07:00:00,13.2,60.97,3.39,0.66,1036.08,Tokyo
2023-01-06 08:00:00,16.53,67.87,4.59,0.38,1011.19,Sydney
2023-01-06 09:00:00,13.51,71.8,0.6,0.96,1011.94,Paris
2023-01-06 10:00:00,8.28,71.72,1.18,3.23,1022.96,New York
2023-01-06 11:00:00,16.37,72.73,7.25,1.0,1030.03,Tokyo
2023-01-06 12:00:00,10.72,84.65,3.11,2.78,996.62,Sydney
2023-01-06 13:00:00,18.4,73.05,18.05,0.27,995.14,London
2023-01-06 14:00:00,11.43,66.07,0.15,2.96,1006.78,Tokyo
2023-01-06 15:00:00,23.78,78.15,4.77,0.54,1018.83,Sydney
2023-01-06 16:00:00,12.11,80.4,4.12,2.26,1017.97,Paris
2023-01-06 17:00:00,14.42,56.23,0.2,1.67,1023.7,London
2023-01-06 18:00:00,20.1,74.48,1.33,5.29,1001.0,Sydney
2023-01-06 19:00:00,9.88,75.52,5.34,0.98,989.84,Sydney
2023-01-06 20:00:00,17.17,65.53,6.79,0.14,1021.58,New York
2023-01-06 21:00:00,22.57,82.27,5.18,0.04,1004.72,Tokyo
2023-01-06 22:00:00,7.99,67.01,7.57,3.51,992.82,New York
2023-01-06 23:00:00,16.95,69.77,9.04,1.49,1014.45,London
2023-01-07 00:00:00,17.5,66.99,0.1,2.99,1020.93,Sydney
2023-01-07 01:00:00,20.11,68.88,6.24,0.53,1011.78,New York
2023-01-07 02:00:00,10.02,57.76,33.1,0.85,1008.42,Tokyo
2023-01-07 03:00:00,9.6,54.32,7.32,0.06,1011.41,London
2023-01-07 04:00:00,18.81,84.67,11.32,6.51,1009.29,Paris
2023-01-07 05:00:00,17.69,60.25,3.74,2.2,999.52,New York
2023-01-07 06:00:00,17.45,58.81,14.87,5.41,1005.85,London
2023-01-07 07:00:00,17.93,47.19,14.82,0.62,1018.21,Paris
2023-01-07 08:00:00,12.8,62.33,7.37,1.89,1016.22,New York
2023-01-07 09:00:00,17.36,55.49,37.3,2.27,1014.68,London
2023-01-07 10:00:00,17.67,85.14,1.34,0.76,1003.05,London
2023-01-07 11:00:00,12.63,78.82,0.17,3.77,1011.18,New York
2023-01-07 12:00:00,25.53,61.84,14.7,5.88,991.23,London
2023-01-07 13:00:00,18.57,91.25,16.46,4.32,1014.78,Sydney
2023-01-07 14:00:00,10.25,78.54,1.28,2.69,1027.29,New York
2023-01-07 15:00:00,19.48,65.47,3.09,0.65,998.26,London
2023-01-07 16:00:00,11.33,43.73,0.18,0.66,1007.14,Paris
2023-01-07 17:00:00,20.14,91.63,3.47,6.61,1016.29,Paris
2023-01-07 18:00:00,22.0,54.83,14.83,0.02,1025.53,Sydney
2023-01-07 19:00:00,12.1,52.27,7.3,2.52,1008.52,New York
2023-01-07 20:00:00,21.02,78.95,4.28,2.45,1006.08,London
2023-01-07 21:00:00,18.27,93.12,4.65,1.95,993.31,London
2023-01-07 22:00:00,20.31,82.56,0.01,9.23,1014.03,Paris
2023-01-07 23:00:00,25.69,74.36,3.56,0.75,1033.42,Sydney
2023-01-08 00:00:00,15.15,74.88,10.4,0.83,1015.77,Paris
2023-01-08 01:00:00,12.6,77.46,36.57,0.16,1012.78,Paris
2023-01-08 02:00:00,11.93,76.52,18.78,1.17,1016.22,Sydney
2023-01-08 03:00:00,12.29,71.74,0.24,0.61,1012.89,New York
2023-01-08 04:00:00,15.99,69.97,22.88,0.84,1004.87,London
2023-01-08 05:00:00,18.08,68.3,15.29,3.6,1021.23,New York
2023-01-08 06:00:00,17.76,61.39,15.16,5.48,1015.26,Tokyo
2023-01-08 07:00:00,20.51,66.12,6.12,0.41,1013.18,Tokyo
2023-01-08 08:00:00,16.44,52.0,5.08,0.93,1003.25,Tokyo
2023-01-08 09:00:00,23.64,67.95,3.61,5.28,1026.04,Sydney
2023-01-08 10:00:00,15.05,59.04,0.68,0.13,1019.65,Paris
2023-01-08 11:00:00,29.97,57.89,2.59,0.19,1007.47,New York
2023-01-08 12:00:00,19.5,70.73,2.83,0.36,1023.02,London
2023-01-08 13:00:00,12.09,82.85,6.62,1.81,1008.02,Tokyo
2023-01-08 14:00:00,11.02,78.11,13.76,0.33,1005.18,New York
2023-01-08 15:00:00,18.79,53.23,6.42,6.89,1005.4,Tokyo
2023-01-08 16:00:00,15.26,59.03,0.6,1.18,995.29,Tokyo
2023-01-08 17:00:00,19.94,78.34,31.65,1.39,1017.72,London
2023-01-08 18:00:00,18.74,59.11,28.6,0.57,994.69,Sydney
2023-01-08 19:00:00,16.01,66.68,15.38,1.27,1000.72,Paris
2023-01-08 20:00:00,12.14,74.43,47.48,2.17,992.24,Sydney
2023-01-08 21:00:00,8.8,59.25,7.86,2.78,1012.14,New York
2023-01-08 22:00:00,14.14,69.98,32.91,2.8,1011.5,Sydney
2023-01-08 23:00:00,20.65,55.59,0.79,1.72,1009.73,New York
2023-01-09 00:00:00,17.61,63.12,4.55,4.69,1002.57,New York
2023-01-09 01:00:00,10.31,72.33,2.55,3.4,1001.28,Paris
2023-01-09 02:00:00,17.41,53.21,2.18,2.83,1017.64,London
2023-01-09 03:00:00,18.47,73.54,1.52,0.11,1007.49,Paris
2023-01-09 04:00:00,12.12,68.94,9.74,0.01,1016.16,Sydney
2023-01-09 05:00:00,17.31,74.66,15.2,0.48,1004.15,New York
2023-01-09 06:00:00,16.83,71.38,8.63,2.18,1014.81,Tokyo
2023-01-09 07:00:00,10.83,82.78,1.59,1.06,1026.03,Tokyo
2023-01-09 08:00:00,18.33,70.39,16.67,1.03,1018.86,New York
2023-01-09 09:00:00,19.35,64.84,10.1,4.32,1008.88,Paris
2023-01-09 10:00:00,21.96,70.36,4.91,4.52,1015.57,London
2023-01-09 11:00:00,21.81,74.57,11.21,4.8,1010.59,Paris
2023-01-09 12:00:00,9.65,69.63,3.01,0.75,1013.08,New York
2023-01-09 13:00:00,11.85,69.54,4.23,2.35,1009.74,New York
2023-01-09 14:00:00,19.12,62.12,24.95,0.63,1011.36,London
2023-01-09 15:00:00,19.11,62.51,3.43,0.42,1015.12,Sydney
2023-01-09 16:00:00,19.12,55.11,6.35,0.41,1003.07,Sydney
2023-01-09 17:00:00,35.81,86.63,22.09,0.84,1002.84,London
2023-01-09 18:00:00,19.4,56.7,12.3,1.12,999.11,Sydney
2023-01-09 19:00:00,22.22,62.21,0.64,3.56,997.0,Tokyo
2023-01-09 20:00:00,21.31,61.95,1.59,0.26,1000.83,Sydney
2023-01-09 21:00:00,19.8,78.09,0.08,2.66,1014.59,Sydney
2023-01-09 22:00:00,14.97,66.19,9.97,1.52,1004.07,Sydney
2023-01-09 23:00:00,20.34,81.61,5.94,0.68,1018.14,Tokyo
2023-01-10 00:00:00,12.85,62.61,1.44,1.36,1013.35,Sydney
2023-01-10 01:00:00,15.53,72.13,31.69,0.71,993.31,Tokyo
2023-01-10 02:00:00,14.29,60.99,7.54,1.81,1019.55,London
2023-01-10 03:00:00,17.12,90.79,2.77,1.14,1021.11,Paris
2023-01-10 04:00:00,28.29,57.46,6.94,0.36,1003.06,London
2023-01-10 05:00:00,7.38,72.44,11.38,0.25,1017.2,Paris
2023-01-10 06:00:00,20.14,75.68,0.79,1.58,1004.44,London
2023-01-10 07:00:00,8.65,73.48,3.21,4.65,1013.98,Paris
2023-01-10 08:00:00,14.35,67.49,16.45,0.84,1000.36,Paris
2023-01-10 09:00:00,22.16,68.04,6.16,2.64,995.07,New York
2023-01-10 10:00:00,17.03,69.78,7.91,2.15,1009.17,Paris
2023-01-10 11:00:00,11.32,67.87,5.67,5.36,1011.76,Paris
2023-01-10 12:00:00,13.14,78.98,0.45,3.44,1009.02,New York
2023-01-10 13:00:00,20.11,91.45,1.81,1.67,1001.16,Sydney
2023-01-10 14:00:00,13.06,63.77,5.9,2.14,1009.0,Sydney
2023-01-10 15:00:00,17.8,55.64,2.35,4.57,1015.69,New York
2023-01-10 16:00:00,16.94,68.46,0.51,1.02,1012.55,Tokyo
2023-01-10 17:00:00,13.45,95.14,18.56,0.79,1014.83,Paris
2023-01-10 18:00:00,27.43,61.3,39.74,0.02,1006.3,Paris
2023-01-10 19:00:00,19.88,85.73,15.76,3.5,1024.72,New York
2023-01-10 20:00:00,6.59,86.12,19.23,3.23,1001.24,New York
2023-01-10 21:00:00,17.65,63.8,2.77,0.22,1017.88,Tokyo
2023-01-10 22:00:00,13.4,75.03,32.35,1.72,1024.82,Sydney
2023-01-10 23:00:00,20.98,85.62,2.19,1.25,1017.81,London
2023-01-11 00:00:00,12.92,65.75,30.25,0.25,1010.97,Sydney
2023-01-11 01:00:00,16.31,67.5,52.63,7.88,1007.72,Paris
2023-01-11 02:00:00,19.41,63.72,12.44,0.48,1023.36,New York
2023-01-11 03:00:00,21.21,59.39,39.71,0.14,998.77,Tokyo
2023-01-11 04:00:00,10.88,63.05,8.43,1.81,1003.3,Sydney
2023-01-11 05:00:00,15.21,57.3,3.0,2.69,1009.02,Tokyo
2023-01-11 06:00:00,14.51,69.88,5.74,0.07,1025.38,Sydney
2023-01-11 07:00:00,13.62,61.84,9.0,2.15,1016.8,Paris
2023-01-11 08:00:00,25.71,71.88,0.76,1.52,1003.32,London
2023-01-11 09:00:00,18.91,53.98,9.74,0.22,1009.9,Tokyo
2023-01-11 10:00:00,10.58,72.85,39.73,0.38,1006.86,Tokyo
2023-01-11 11:00:00,21.47,77.88,2.11,1.68,1005.9,London
2023-01-11 12:00:00,27.49,49.6,15.73,0.7,1022.79,Tokyo
2023-01-11 13:00:00,22.04,73.28,23.85,5.57,999.28,Tokyo
2023-01-11 14:00:00,9.29,81.82,28.77,3.42,1029.09,Sydney
2023-01-11 15:00:00,14.46,57.44,32.22,8.22,1021.28,Sydney
2023-01-11 16:00:00,23.22,86.27,7.37,0.6,1023.91,London
2023-01-11 17:00:00,13.34,73.73,37.86,6.99,1008.37,Paris
2023-01-11 18:00:00,19.1,62.49,14.16,1.13,1011.5,Tokyo
2023-01-11 19:00:00,20.76,68.98,1.76,0.85,998.67,Paris
2023-01-11 20:00:00,12.25,75.12,6.48,0.1,1007.75,London
2023-01-11 21:00:00,16.58,70.3,12.67,0.11,1017.94,London
2023-01-11 22:00:00,0.68,74.93,2.84,2.36,1025.96,Sydney
2023-01-11 23:00:00,11.76,60.33,10.23,1.22,1001.93,Tokyo
2023-01-12 00:00:00,15.79,71.43,10.98,0.51,1009.34,New York
2023-01-12 01:00:00,10.81,55.6,1.78,1.9,1011.49,London
2023-01-12 02:00:00,25.21,68.63,8.33,0.58,999.04,Tokyo
2023-01-12 03:00:00,9.9,60.7,14.77,1.72,1018.91,Paris
2023-01-12 04:00:00,14.85,62.38,6.91,0.89,1005.76,Sydney
2023-01-12 05:00:00,17.7,82.1,0.12,3.47,1011.05,Paris
2023-01-12 06:00:00,24.26,80.65,0.09,3.44,1008.48,London
2023-01-12 07:00:00,9.87,75.83,4.42,1.3,1005.11,London
2023-01-12 08:00:00,22.87,58.82,26.06,0.86,1012.93,Paris
2023-01-12 09:00:00,17.1,66.57,2.6,0.9,1010.84,London
2023-01-12 10:00:00,12.14,81.87,10.06,3.28,1009.28,Tokyo
2023-01-12 11:00:00,19.36,71.16,2.51,0.8,1005.72,London
2023-01-12 12:00:00,18.05,92.93,3.88,0.47,1016.2,Sydney
2023-01-12 13:00:00,14.05,73.67,18.84,0.18,1029.54,Tokyo
2023-01-12 14:00:00,17.4,71.66,13.05,1.26,1014.4,New York
2023-01-12 15:00:00,15.12,66.65,1.0,1.32,1022.96,London
2023-01-12 16:00:00,17.62,71.07,5.6,3.68,999.1,London
2023-01-12 17:00:00,20.36,68.21,0.3,0.5,1014.58,Sydney
2023-01-12 18:00:00,24.98,76.82,6.56,0.96,1002.03,Sydney
2023-01-12 19:00:00,10.86,79.31,10.86,3.3,998.23,Paris
2023-01-12 20:00:00,27.72,61.88,1.26,3.47,1005.61,Paris
2023-01-12 21:00:00,7.29,56.43,3.41,0.97,1024.92,Paris
2023-01-12 22:00:00,16.29,51.38,5.07,1.23,1022.5,Sydney
2023-01-12 23:00:00,19.99,74.82,25.2,0.72,1015.43,Paris
2023-01-13 00:00:00,18.62,58.9,49.99,5.39,997.67,Paris
2023-01-13 01:00:00,14.11,48.4,0.46,0.25,1011.04,New York
2023-01-13 02:00:00,16.18,73.82,14.31,5.43,1016.02,Paris
2023-01-13 03:00:00,14.75,94.86,4.65,2.3,1014.76,London
2023-01-13 04:00:00,14.27,69.87,4.98,1.52,994.56,Sydney
2023-01-13 05:00:00,21.47,78.32,14.04,0.07,1004.1,Tokyo
2023-01-13 06:00:00,19.0,70.75,25.06,1.29,1012.36,New York
2023-01-13 07:00:00,13.75,68.94,30.14,1.05,1018.36,Sydney
2023-01-13 08:00:00,21.72,79.12,8.61,0.35,991.04,Sydney
2023-01-13 09:00:00,18.76,67.03,4.42,2.14,1011.38,London
2023-01-13 10:00:00,21.28,72.61,15.49,7.09,1014.43,Paris
2023-01-13 11:00:00,20.37,73.15,2.89,1.65,1021.5,London
2023-01-13 12:00:00,13.07,63.25,8.3,2.51,1019.93,Paris
2023-01-13 13:00:00,14.42,79.85,4.44,0.14,1018.83,Paris
2023-01-13 14:00:00,20.96,68.18,10.69,1.08,1005.0,Sydney
2023-01-13 15:00:00,20.27,62.38,2.75,0.25,993.92,Paris
2023-01-13 16:00:00,17.11,75.3,2.13,1.9,1009.07,New York
2023-01-13 17:00:00,17.81,60.95,25.04,5.58,1023.02,New York
2023-01-13 18:00:00,23.61,70.22,1.07,2.17,1026.93,New York
2023-01-13 19:00:00,14.26,69.84,7.05,0.16,1020.11,Sydney
2023-01-13 20:00:00,19.95,80.79,2.5,0.88,1017.29,London
2023-01-13 21:00:00,16.21,74.68,0.4,1.6,1016.8,Tokyo
2023-01-13 22:00:00,16.13,69.68,0.37,1.03,1007.44,Paris
2023-01-13 23:00:00,22.71,78.11,1.93,3.59,1011.7,Tokyo
2023-01-14 00:00:00,21.51,84.03,20.16,3.37,1029.69,London
2023-01-14 01:00:00,21.45,75.7,3.32,1.89,1003.57,London
2023-01-14 02:00:00,23.91,70.23,30.05,0.94,1029.15,Sydney
2023-01-14 03:00:00,17.49,57.01,8.71,0.59,1009.78,New York
2023-01-14 04:00:00,20.8,59.47,5.74,0.22,1026.25,New York
2023-01-14 05:00:00,15.84,67.07,8.68,0.88,998.93,London
2023-01-14 06:00:00,19.01,64.03,7.27,1.07,1018.86,Sydney
2023-01-14 07:00:00,16.74,68.26,14.22,2.25,1005.63,Sydney
2023-01-14 08:00:00,17.87,70.69,3.32,2.15,998.85,Paris
2023-01-14 09:00:00,20.36,75.42,4.35,0.15,1015.19,New York
2023-01-14 10:00:00,13.3,69.42,22.45,1.01,1023.09,London
2023-01-14 11:00:00,27.85,74.99,29.27,0.4,1004.55,Tokyo
2023-01-14 12:00:00,12.36,70.77,22.31,0.34,998.01,New York
2023-01-14 13:00:00,11.32,50.37,5.44,3.51,1012.08,Paris
2023-01-14 14:00:00,23.18,60.73,15.16,0.09,1012.13,Sydney
2023-01-14 15:00:00,21.35,68.68,6.47,1.09,1018.48,London
2023-01-14 16:00:00,20.51,58.03,6.88,0.37,1022.5,New York
2023-01-14 17:00:00,20.53,76.12,2.29,4.23,1012.41,Tokyo
2023-01-14 18:00:00,17.33,85.43,8.94,1.63,1031.56,Paris
2023-01-14 19:00:00,12.9,82.31,2.06,0.53,1015.24,Paris
2023-01-14 20:00:00,17.77,67.99,4.03,1.4,1009.54,New York
2023-01-14 21:00:00,14.0,85.03,19.31,2.63,996.88,Tokyo
2023-01-14 22:00:00,22.26,71.61,2.32,6.35,1010.37,Paris
2023-01-14 23:00:00,16.65,66.75,0.74,0.5,1009.64,London
2023-01-15 00:00:00,13.43,64.18,0.72,4.35,1022.6,Paris
2023-01-15 01:00:00,15.95,67.29,28.27,5.45,1017.62,Tokyo
2023-01-15 02:00:00,19.62,66.43,7.07,4.96,1001.21,Sydney
2023-01-15 03:00:00,14.73,72.02,5.27,2.02,1014.72,Sydney
2023-01-15 04:00:00,13.44,71.92,16.65,1.99,1019.72,New York
2023-01-15 05:00:00,18.77,70.34,18.07,1.03,1028.28,Tokyo
2023-01-15 06:00:00,18.78,74.68,4.04,2.79,1021.88,Paris
2023-01-15 07:00:00,15.02,82.22,11.83,1.52,1020.61,Paris
2023-01-15 08:00:00,15.2,79.81,14.75,2.26,1013.6,Sydney
2023-01-15 09:00:00,18.71,55.47,10.63,1.12,1016.88,Sydney
2023-01-15 10:00:00,10.31,44.78,1.64,2.63,1025.5,London
2023-01-15 11:00:00,10.52,79.66,20.87,3.48,999.67,Sydney
2023-01-15 12:00:00,13.96,56.65,7.75,0.32,1009.51,London
2023-01-15 13:00:00,16.49,68.07,3.32,3.58,1005.27,Paris
2023-01-15 14:00:00,19.11,58.61,5.54,1.55,1016.79,London
2023-01-15 15:00:00,24.93,52.29,0.38,3.72,1025.3,London
2023-01-15 16:00:00,21.84,75.73,1.37,1.13,1007.03,New York
2023-01-15 17:00:00,16.75,77.91,14.5,0.95,989.1,Sydney
2023-01-15 18:00:00,17.46,64.55,0.0,4.93,1008.88,London
2023-01-15 19:00:00,12.54,44.4,5.39,0.58,1022.13,Paris
2023-01-15 20:00:00,17.46,64.85,7.39,3.72,1018.38,Tokyo
2023-01-15 21:00:00,16.11,74.23,0.56,1.32,1017.28,London
2023-01-15 22:00:00,19.17,55.53,36.15,1.44,1010.2,Sydney
2023-01-15 23:00:00,13.42,72.15,2.56,0.74,1000.21,New York
2023-01-16 00:00:00,20.32,70.35,3.63,1.7,1018.15,Paris
2023-01-16 01:00:00,25.38,76.29,3.62,0.79,1004.66,New York
2023-01-16 02:00:00,17.18,71.7,2.62,0.08,1034.84,Tokyo
2023-01-16 03:00:00,19.73,60.77,0.01,0.63,1018.71,London
2023-01-16 04:00:00,21.17,82.47,13.07,0.01,1007.19,London
2023-01-16 05:00:00,15.71,68.92,34.07,7.67,1006.89,Sydney
2023-01-16 06:00:00,18.84,70.23,2.54,6.75,1012.07,London
2023-01-16 07:00:00,17.78,61.17,10.88,1.01,1010.6,Paris
2023-01-16 08:00:00,18.21,66.07,13.54,2.61,1024.17,Tokyo
2023-01-16 09:00:00,13.85,61.65,18.87,0.85,1014.86,New York
2023-01-16 10:00:00,17.84,68.77,5.49,2.22,1005.68,Tokyo
2023-01-16 11:00:00,20.21,87.62,3.61,3.27,1031.9,London
2023-01-16 12:00:00,24.98,56.78,3.93,5.87,1013.49,New York
2023-01-16 13:00:00,22.52,54.36,12.47,1.02,1020.69,Sydney
2023-01-16 14:00:00,28.49,85.21,16.97,3.06,1006.92,Tokyo
2023-01-16 15:00:00,13.88,68.41,2.0,0.62,1016.63,New York
2023-01-16 16:00:00,22.08,63.81,4.64,9.28,1016.11,New York
2023-01-16 17:00:00,18.64,80.9,23.22,0.05,994.1,New York
2023-01-16 18:00:00,28.67,64.44,16.43,1.85,1033.15,Paris
2023-01-16 19:00:00,13.68,88.76,41.9,2.15,1025.91,Tokyo
2023-01-16 20:00:00,13.52,77.28,14.03,2.33,1009.03,New York
2023-01-16 21:00:00,14.72,65.62,5.0,0.26,1001.98,Tokyo
2023-01-16 22:00:00,7.1,92.07,8.93,5.58,1016.48,New York
2023-01-16 23:00:00,15.09,64.44,10.82,0.4,1013.87,Sydney
2023-01-17 00:00:00,14.09,78.1,0.82,1.95,1016.56,Sydney
2023-01-17 01:00:00,18.64,73.68,7.86,0.5,1014.92,Sydney
2023-01-17 02:00:00,19.59,83.7,12.36,0.73,1018.06,London
2023-01-17 03:00:00,27.27,86.3,1.83,1.58,1027.47,New York
2023-01-17 04:00:00,22.64,71.0,15.17,1.08,1018.68,London
2023-01-17 05:00:00,15.0,63.15,8.77,0.35,1002.5,Tokyo
2023-01-17 06:00:00,13.39,75.28,30.41,0.37,1026.63,London
2023-01-17 07:00:00,20.34,63.91,0.43,1.08,1029.41,Tokyo
2023-01-17 08:00:00,11.28,90.82,3.08,2.83,1044.52,Tokyo
2023-01-17 09:00:00,27.04,72.05,9.2,4.56,1001.77,Tokyo
2023-01-17 10:00:00,23.78,67.03,3.52,0.18,1015.43,London
2023-01-17 11:00:00,15.54,72.53,12.53,1.0,992.18,New York
2023-01-17 12:00:00,9.32,57.21,14.23,0.21,1018.53,London
2023-01-17 13:00:00,24.65,60.97,1.08,0.03,1007.52,New York
2023-01-17 14:00:00,17.31,82.69,7.21,2.17,1032.23,New York
2023-01-17 15:00:00,24.07,64.11,7.11,1.84,1005.25,Tokyo
2023-01-17 16:00:00,9.91,60.21,4.61,0.36,996.11,London
2023-01-17 17:00:00,14.89,76.05,27.02,0.53,1008.29,New York
2023-01-17 18:00:00,17.91,82.54,17.57,0.05,993.25,Sydney
2023-01-17 19:00:00,18.12,77.87,11.95,3.6,1020.51,New York
2023-01-17 20:00:00,15.63,80.64,12.53,7.35,992.35,Sydney
2023-01-17 21:00:00,21.0,63.12,6.19,0.29,1013.28,London
2023-01-17 22:00:00,12.55,56.47,25.38,0.53,992.22,London
2023-01-17 23:00:00,17.17,85.7,11.86,4.06,1009.8,London
2023-01-18 00:00:00,18.65,67.64,13.06,5.22,1029.43,New York
2023-01-18 01:00:00,20.62,68.35,19.78,1.09,1016.61,Paris
2023-01-18 02:00:00,21.61,84.14,3.2,0.1,1004.37,New York
2023-01-18 03:00:00,12.43,76.43,16.45,0.08,1012.69,New York
2023-01-18 04:00:00,10.38,75.42,2.17,1.71,1013.18,Tokyo
2023-01-18 05:00:00,24.44,92.51,4.24,1.0,1017.73,Tokyo
2023-01-18 06:00:00,19.71,64.43,4.09,0.06,999.33,New York
2023-01-18 07:00:00,14.31,80.14,38.41,1.75,1018.93,Sydney
2023-01-18 08:00:00,25.8,71.43,19.42,0.02,985.96,Tokyo
2023-01-18 09:00:00,18.63,73.55,12.08,3.1,1006.7,New York
2023-01-18 10:00:00,23.95,86.15,12.98,0.73,1008.12,Paris
2023-01-18 11:00:00,18.39,75.94,8.26,0.08,1019.33,Sydney
2023-01-18 12:00:00,28.35,76.25,29.39,1.78,1013.23,London
2023-01-18 13:00:00,26.83,81.59,6.86,1.01,998.94,New York
2023-01-18 14:00:00,16.8,67.21,4.79,7.28,1003.15,New York
2023-01-18 15:00:00,22.91,62.47,1.78,1.57,1014.99,Sydney
2023-01-18 16:00:00,21.28,60.41,15.43,0.64,1012.21,Tokyo
2023-01-18 17:00:00,24.89,51.2,13.26,2.47,1007.21,Tokyo
2023-01-18 18:00:00,13.22,91.42,4.85,0.63,1008.19,Tokyo
2023-01-18 19:00:00,21.48,59.83,0.26,4.69,1019.96,London
2023-01-18 20:00:00,23.34,68.65,18.26,0.94,1007.82,Sydney
2023-01-18 21:00:00,9.26,68.09,0.11,1.6,1012.12,Sydney
2023-01-18 22:00:00,12.13,73.94,12.16,0.1,1034.7,Tokyo
2023-01-18 23:00:00,7.85,79.02,35.15,1.11,998.76,Tokyo
2023-01-19 00:00:00,16.87,79.64,5.76,3.57,994.48,Paris
2023-01-19 01:00:00,21.8,65.21,2.68,3.28,1020.84,Paris
2023-01-19 02:00:00,25.72,69.37,12.2,0.51,1006.21,New York
2023-01-19 03:00:00,18.58,73.87,16.99,0.51,1009.82,New York
2023-01-19 04:00:00,26.36,68.55,7.91,3.4,1005.19,Sydney
2023-01-19 05:00:00,11.31,87.11,34.12,5.33,1010.4,Sydney
2023-01-19 06:00:00,9.7,75.95,0.53,0.2,1028.99,London
2023-01-19 07:00:00,17.93,78.39,7.03,1.2,1021.02,London
2023-01-19 08:00:00,20.13,77.67,12.67,0.82,1021.62,Paris
2023-01-19 09:00:00,18.05,82.77,19.85,4.09,998.84,New York
2023-01-19 10:00:00,7.88,72.85,1.98,0.17,1001.49,Paris
2023-01-19 11:00:00,17.77,58.07,16.09,0.47,984.61,Paris
2023-01-19 12:00:00,11.69,75.04,8.05,2.79,1004.91,New York
2023-01-19 13:00:00,21.56,64.53,5.05,0.11,1022.57,London
2023-01-19 14:00:00,20.05,65.75,1.41,1.36,1018.17,New York
2023-01-19 15:00:00,13.51,76.9,20.05,1.17,1010.78,Tokyo
2023-01-19 16:00:00,15.64,83.42,1.71,0.81,1012.78,Tokyo
2023-01-19 17:00:00,12.92,71.25,3.71,1.0,1006.11,Tokyo
2023-01-19 18:00:00,17.9,74.13,3.43,1.51,1015.05,Sydney
2023-01-19 19:00:00,22.99,88.06,20.51,0.35,1020.66,London
2023-01-19 20:00:00,13.28,73.45,11.17,1.7,996.84,London
2023-01-19 21:00:00,20.73,97.06,15.93,3.27,1016.0,Sydney
2023-01-19 22:00:00,15.56,76.69,2.88,2.86,1022.32,Paris
2023-01-19 23:00:00,14.25,53.43,9.8,0.33,1008.85,Tokyo
2023-01-20 00:00:00,17.84,78.75,8.48,0.32,1020.01,Tokyo
2023-01-20 01:00:00,13.2,75.02,17.89,0.62,1041.15,Paris
2023-01-20 02:00:00,15.61,84.11,23.65,0.9,1011.96,New York
2023-01-20 03:00:00,12.39,77.94,0.12,1.05,1016.93,New York
2023-01-20 04:00:00,28.2,69.83,11.21,2.28,1005.62,London
2023-01-20 05:00:00,18.55,58.97,0.53,0.12,1014.81,Sydney
2023-01-20 06:00:00,14.88,69.12,7.96,0.07,1017.6,London
2023-01-20 07:00:00,19.45,62.71,3.39,0.99,1014.95,New York
2023-01-20 08:00:00,17.81,65.41,3.66,2.39,1002.8,Paris
2023-01-20 09:00:00,17.27,77.1,4.35,0.43,1015.06,London
2023-01-20 10:00:00,21.45,87.91,9.71,2.05,1027.62,Tokyo
2023-01-20 11:00:00,22.16,75.16,4.07,0.6,1017.49,Tokyo
2023-01-20 12:00:00,15.72,59.25,13.19,4.34,1022.62,Paris
2023-01-20 13:00:00,15.5,75.66,5.18,4.52,1010.63,New York
2023-01-20 14:00:00,17.0,83.18,0.71,0.71,1020.5,Tokyo
2023-01-20 15:00:00,6.87,65.11,15.31,0.52,1015.79,Tokyo
2023-01-20 16:00:00,10.8,69.87,3.37,1.06,1003.49,Sydney
2023-01-20 17:00:00,25.21,71.36,5.67,0.55,1016.19,London
2023-01-20 18:00:00,26.6,63.36,11.57,2.23,1003.08,New York
2023-01-20 19:00:00,17.13,77.7,4.04,3.5,1006.67,London
2023-01-20 20:00:00,21.26,70.0,0.58,2.24,1014.89,New York
2023-01-20 21:00:00,19.93,75.41,4.68,3.48,1015.97,Tokyo
2023-01-20 22:00:00,33.77,62.34,28.9,1.01,1001.11,Sydney
2023-01-20 23:00:00,23.97,66.84,10.26,0.34,1023.54,London
2023-01-21 00:00:00,17.9,78.61,11.13,2.68,1018.72,Tokyo
2023-01-21 01:00:00,13.76,67.65,10.0,0.89,1005.95,New York
2023-01-21 02:00:00,10.5,88.65,2.22,2.23,997.62,London
2023-01-21 03:00:00,19.55,67.39,5.42,0.63,1011.55,London
2023-01-21 04:00:00,14.76,73.63,13.9,0.17,1008.54,Tokyo
2023-01-21 05:00:00,11.43,80.71,1.07,9.81,1014.13,London
2023-01-21 06:00:00,15.3,57.2,3.26,0.34,1009.37,Sydney
2023-01-21 07:00:00,13.13,53.77,3.23,8.92,992.93,Sydney
2023-01-21 08:00:00,26.97,56.13,5.66,7.57,1009.12,Tokyo
2023-01-21 09:00:00,22.94,84.01,39.31,3.16,1009.94,New York
2023-01-21 10:00:00,18.5,65.86,0.7,2.15,1019.34,Tokyo
2023-01-21 11:00:00,25.94,96.96,7.31,1.72,1006.02,Sydney
2023-01-21 12:00:00,18.92,65.74,1.98,4.02,1029.79,Paris
2023-01-21 13:00:00,14.23,73.23,35.29,0.68,993.88,Paris
2023-01-21 14:00:00,26.15,86.8,1.2,1.26,1026.11,London
2023-01-21 15:00:00,21.23,91.44,5.17,1.93,1010.76,London
2023-01-21 16:00:00,13.35,92.0,13.39,1.06,1021.6,Paris
2023-01-21 17:00:00,17.59,83.47,12.19,1.12,1013.8,Sydney
2023-01-21 18:00:00,14.16,81.62,5.49,0.8,1024.4,London
2023-01-21 19:00:00,11.62,77.31,4.25,1.66,1009.13,Tokyo
2023-01-21 20:00:00,23.17,79.17,5.07,3.8,1002.01,Tokyo
2023-01-21 21:00:00,28.08,65.87,3.07,0.45,1027.21,Sydney
2023-01-21 22:00:00,11.54,63.2,2.3,5.45,1011.87,London
2023-01-21 23:00:00,21.35,71.35,6.6,2.34,1015.22,Tokyo
2023-01-22 00:00:00,15.44,69.85,3.13,3.47,1025.35,London
2023-01-22 01:00:00,16.26,67.02,3.39,1.62,1002.68,London
2023-01-22 02:00:00,15.74,78.51,10.69,3.02,1018.95,Tokyo
2023-01-22 03:00:00,14.38,81.1,34.59,0.03,1007.1,Paris
2023-01-22 04:00:00,18.94,72.43,9.25,3.41,1011.68,Tokyo
2023-01-22 05:00:00,14.54,86.32,0.8,0.08,1013.72,Sydney
2023-01-22 06:00:00,20.05,60.13,0.79,4.41,998.0,New York
2023-01-22 07:00:00,18.45,69.61,30.25,9.65,1005.21,Tokyo
2023-01-22 08:00:00,17.5,64.38,3.53,0.7,1026.51,London
2023-01-22 09:00:00,14.16,52.88,0.97,0.47,1021.86,London
2023-01-22 10:00:00,15.81,70.72,9.14,2.9,1012.37,Tokyo
2023-01-22 11:00:00,22.47,70.33,9.77,0.58,1015.43,New York
2023-01-22 12:00:00,21.2,86.68,10.46,4.01,1010.06,Tokyo
2023-01-22 13:00:00,13.81,77.86,3.11,0.22,1026.57,New York
2023-01-22 14:00:00,19.19,61.31,0.15,0.27,1011.0,New York
2023-01-22 15:00:00,22.45,90.09,33.53,7.74,1015.32,Sydney
2023-01-22 16:00:00,10.35,83.76,2.89,2.24,1024.46,London
2023-01-22 17:00:00,21.41,77.37,11.27,3.75,1005.23,London
2023-01-22 18:00:00,15.38,69.28,12.26,0.78,1028.59,New York
2023-01-22 19:00:00,21.55,61.95,9.42,2.26,997.7,London
2023-01-22 20:00:00,14.88,67.83,3.75,1.8,1029.3,Paris
2023-01-22 21:00:00,9.67,82.44,3.16,1.85,1009.27,New York
2023-01-22 22:00:00,10.56,90.39,9.1,2.29,1010.57,London
2023-01-22 23:00:00,18.94,86.98,20.11,1.71,994.1,Paris
2023-01-23 00:00:00,20.16,66.82,29.32,1.12,1008.45,Sydney
2023-01-23 01:00:00,14.34,60.52,1.12,0.65,1002.6,London
2023-01-23 02:00:00,22.05,73.12,1.68,2.93,1006.92,Paris
2023-01-23 03:00:00,10.55,54.03,28.96,0.51,1011.63,Tokyo
2023-01-23 04:00:00,18.53,74.94,13.34,2.36,1022.58,Tokyo
2023-01-23 05:00:00,12.8,70.24,21.46,0.53,1015.08,Paris
2023-01-23 06:00:00,15.6,67.05,2.26,1.96,1016.08,New York
2023-01-23 07:00:00,19.09,55.76,8.86,2.75,1002.04,New York
2023-01-23 08:00:00,14.55,76.85,12.08,0.49,1004.19,London
2023-01-23 09:00:00,16.93,66.38,11.4,0.12,1030.99,Tokyo
2023-01-23 10:00:00,23.89,60.01,5.25,0.28,1005.65,New York
2023-01-23 11:00:00,15.97,42.99,0.16,1.86,1029.56,New York
2023-01-23 12:00:00,23.04,71.44,8.74,3.79,1010.57,Tokyo
2023-01-23 13:00:00,13.21,89.43,2.92,0.09,1013.02,Sydney
2023-01-23 14:00:00,21.51,88.32,5.98,2.65,1023.7,New York
2023-01-23 15:00:00,26.06,67.14,31.6,0.84,1025.72,Paris
2023-01-23 16:00:00,6.5,65.69,5.09,1.3,1011.89,London
2023-01-23 17:00:00,14.87,76.4,18.31,5.29,1009.12,New York
2023-01-23 18:00:00,21.74,61.73,2.09,0.81,1012.44,New York
2023-01-23 19:00:00,17.84,74.73,11.16,1.25,1016.38,Sydney
2023-01-23 20:00:00,20.71,79.37,37.73,0.03,1021.91,Paris
2023-01-23 21:00:00,15.84,83.98,1.07,0.17,1013.04,London
2023-01-23 22:00:00,19.29,70.71,0.08,0.6,1019.19,New York
2023-01-23 23:00:00,18.08,69.68,5.68,0.06,1029.38,London
2023-01-24 00:00:00,24.85,63.09,0.97,2.0,1016.81,Tokyo
2023-01-24 01:00:00,20.29,63.6,13.8,1.11,1016.12,New York
2023-01-24 02:00:00,20.7,69.61,24.6,1.59,997.81,New York
2023-01-24 03:00:00,16.96,75.55,5.69,0.38,986.69,Tokyo
2023-01-24 04:00:00,16.58,81.01,2.99,0.7,1016.88,Sydney
2023-01-24 05:00:00,16.85,63.84,5.7,2.18,1012.05,New York
2023-01-24 06:00:00,20.99,86.8,12.85,6.72,1007.85,London
2023-01-24 07:00:00,16.91,69.16,0.09,0.1,1015.44,Paris
2023-01-24 08:00:00,20.46,71.66,8.9,4.42,1012.4,London
2023-01-24 09:00:00,29.39,64.4,9.5,1.72,1024.28,Sydney
2023-01-24 10:00:00,23.37,47.63,10.15,1.66,1013.86,Paris
2023-01-24 11:00:00,17.38,80.71,2.77,1.39,1005.53,London
2023-01-24 12:00:00,25.02,79.24,12.52,0.14,1022.9,London
2023-01-24 13:00:00,16.97,69.06,0.96,0.19,1010.83,Tokyo
2023-01-24 14:00:00,8.82,72.54,2.22,1.84,1018.27,Sydney
2023-01-24 15:00:00,13.97,77.03,20.99,0.83,1008.23,Tokyo
2023-01-24 16:00:00,9.66,56.25,13.42,4.98,1006.5,Paris
2023-01-24 17:00:00,17.26,66.58,0.14,1.04,1013.84,Tokyo
2023-01-24 18:00:00,19.11,79.81,2.86,0.31,1013.13,Sydney
2023-01-24 19:00:00,27.4,59.33,2.41,2.51,1017.8,New York
2023-01-24 20:00:00,20.65,74.81,3.16,0.69,1010.31,New York
2023-01-24 21:00:00,17.92,58.31,2.84,1.49,994.64,Paris
2023-01-24 22:00:00,23.16,76.54,0.65,2.39,1008.67,New York
2023-01-24 23:00:00,7.96,71.51,6.14,4.61,1020.94,Tokyo
2023-01-25 00:00:00,20.35,55.88,13.2,3.14,1010.03,Paris
2023-01-25 01:00:00,23.03,83.67,9.33,2.26,1010.54,Sydney
2023-01-25 02:00:00,11.78,64.68,11.17,2.28,1022.86,Paris
2023-01-25 03:00:00,24.89,63.92,0.85,5.83,1005.88,Paris
2023-01-25 04:00:00,20.86,74.03,30.26,0.7,997.57,London
2023-01-25 05:00:00,17.1,83.51,18.23,0.0,1011.39,London
2023-01-25 06:00:00,22.34,61.87,16.35,0.63,1008.16,Paris
2023-01-25 07:00:00,30.53,72.64,17.32,0.49,1003.34,New York
2023-01-25 08:00:00,20.08,76.32,26.99,2.17,1011.25,London
2023-01-25 09:00:00,20.41,78.96,7.86,2.01,1017.92,Sydney
2023-01-25 10:00:00,16.88,73.79,2.23,1.8,1012.91,Tokyo
2023-01-25 11:00:00,14.92,68.36,9.59,0.03,1016.07,London
2023-01-25 12:00:00,23.32,63.75,13.58,2.61,1031.13,Paris
2023-01-25 13:00:00,14.89,72.89,13.39,0.78,1009.57,New York
2023-01-25 14:00:00,19.53,61.31,7.37,2.19,1015.78,Tokyo
2023-01-25 15:00:00,16.78,42.81,0.71,1.63,1007.91,London
2023-01-25 16:00:00,21.57,76.39,4.64,0.84,1004.54,New York
2023-01-25 17:00:00,20.84,81.07,25.35,0.29,1007.15,New York
2023-01-25 18:00:00,24.36,48.4,8.78,0.2,1008.21,New York
2023-01-25 19:00:00,16.62,61.93,7.73,3.56,1016.59,Paris
2023-01-25 20:00:00,17.82,78.22,3.13,5.01,1036.49,Sydney
2023-01-25 21:00:00,14.28,92.6,4.6,2.1,1005.84,New York
2023-01-25 22:00:00,16.95,72.24,22.57,0.22,1008.83,Tokyo
2023-01-25 23:00:00,21.06,64.75,10.98,1.03,1012.37,London
2023-01-26 00:00:00,23.11,70.35,15.48,2.61,1016.96,Tokyo
2023-01-26 01:00:00,14.72,85.93,6.06,3.03,1015.64,Paris
2023-01-26 02:00:00,23.68,65.72,9.95,0.25,1025.84,Paris
2023-01-26 03:00:00,26.11,64.19,2.86,0.0,988.74,Tokyo
2023-01-26 04:00:00,21.39,67.35,12.22,2.49,989.13,Sydney
2023-01-26 05:00:00,28.71,62.65,5.58,0.88,1008.04,Paris
2023-01-26 06:00:00,15.46,73.41,5.84,0.59,1023.97,Paris
2023-01-26 07:00:00,13.1,88.43,10.48,0.03,997.34,Tokyo
2023-01-26 08:00:00,10.43,75.41,27.53,1.55,982.92,Paris
2023-01-26 09:00:00,26.81,69.66,0.66,3.81,1018.71,Sydney
2023-01-26 10:00:00,22.6,69.26,17.42,6.32,1015.44,Sydney
2023-01-26 11:00:00,19.05,56.55,3.46,1.67,1002.1,Sydney
2023-01-26 12:00:00,20.73,81.01,5.87,1.44,1003.14,London
2023-01-26 13:00:00,13.7,71.4,0.22,0.18,1003.3,Sydney
2023-01-26 14:00:00,31.56,70.38,3.58,1.59,1014.11,Sydney
2023-01-26 15:00:00,19.97,100.0,6.98,0.96,1006.74,London
2023-01-26 16:00:00,19.87,75.17,0.58,1.87,1017.94,New York
2023-01-26 17:00:00,22.96,64.66,6.75,0.98,984.45,Paris
2023-01-26 18:00:00,21.73,67.92,26.19,0.55,1004.43,Sydney
2023-01-26 19:00:00,20.45,83.66,1.11,0.2,1001.74,Paris
2023-01-26 20:00:00,15.38,73.31,14.46,0.76,1010.44,Tokyo
2023-01-26 21:00:00,21.69,57.8,5.27,0.2,1007.62,Paris
2023-01-26 22:00:00,28.74,81.37,10.65,0.39,1020.98,London
2023-01-26 23:00:00,26.05,65.5,3.01,8.74,994.41,Paris
2023-01-27 00:00:00,27.45,91.06,1.74,1.17,1013.45,Paris
2023-01-27 01:00:00,16.93,83.13,1.75,1.52,1018.58,Paris
2023-01-27 02:00:00,14.53,67.86,0.73,4.14,1031.57,New York
2023-01-27 03:00:00,18.85,85.14,2.05,10.84,1008.18,New York
2023-01-27 04:00:00,19.76,73.01,10.91,1.75,1016.24,Tokyo
2023-01-27 05:00:00,24.95,80.86,21.34,3.35,994.96,London
2023-01-27 06:00:00,11.02,77.18,16.83,0.79,989.08,Paris
2023-01-27 07:00:00,27.13,63.87,11.56,0.73,1021.45,Paris
2023-01-27 08:00:00,18.69,65.89,1.17,1.03,1012.94,Paris
2023-01-27 09:00:00,17.35,82.63,3.41,2.23,1024.79,Paris
2023-01-27 10:00:00,14.42,68.98,3.71,2.29,999.27,New York
2023-01-27 11:00:00,11.21,68.29,2.88,0.76,1018.2,Tokyo
2023-01-27 12:00:00,23.6,62.78,7.24,0.29,1031.69,Sydney
2023-01-27 13:00:00,19.85,76.56,7.67,2.0,1017.2,London
2023-01-27 14:00:00,13.03,92.95,4.41,0.27,1015.77,Paris
2023-01-27 15:00:00,13.01,61.65,4.37,1.73,1013.09,Tokyo
2023-01-27 16:00:00,17.8,72.57,17.63,2.36,997.29,Sydney
2023-01-27 17:00:00,27.83,86.45,15.57,2.41,1026.56,Tokyo
2023-01-27 18:00:00,18.18,71.53,3.68,2.8,1006.89,New York
2023-01-27 19:00:00,11.97,76.85,24.51,4.12,1018.04,Sydney
2023-01-27 20:00:00,18.25,61.7,30.54,1.39,997.37,Tokyo
2023-01-27 21:00:00,18.12,76.61,3.96,2.62,1001.21,New York
2023-01-27 22:00:00,6.0,70.46,4.38,1.93,1027.35,Tokyo
2023-01-27 23:00:00,19.21,82.19,7.04,0.41,1009.53,Tokyo
2023-01-28 00:00:00,18.48,84.35,28.32,0.05,1027.53,Sydney
2023-01-28 01:00:00,23.12,98.37,20.9,0.67,1012.22,New York
2023-01-28 02:00:00,28.88,78.27,1.08,1.17,994.58,Paris
2023-01-28 03:00:00,25.27,75.73,4.99,1.92,1021.92,London
2023-01-28 04:00:00,18.29,74.42,8.06,3.79,1007.1,Sydney
2023-01-28 05:00:00,14.1,68.94,6.99,0.44,1019.99,New York
2023-01-28 06:00:00,32.5,75.86,2.16,0.27,1013.25,Tokyo
2023-01-28 07:00:00,19.93,69.52,19.58,6.62,997.57,New York
2023-01-28 08:00:00,19.71,74.16,11.3,0.23,1014.64,London
2023-01-28 09:00:00,19.51,85.65,18.2,1.3,1034.96,London
2023-01-28 10:00:00,20.63,62.41,19.57,1.76,1017.93,Paris
2023-01-28 11:00:00,18.91,83.87,13.8,1.56,1012.42,Paris
2023-01-28 12:00:00,16.77,85.65,5.78,0.18,1023.75,London
2023-01-28 13:00:00,16.9,71.29,9.43,0.12,1015.11,Sydney
2023-01-28 14:00:00,19.47,51.26,1.75,0.22,1015.1,Sydney
2023-01-28 15:00:00,16.92,66.4,11.2,1.76,1002.08,Tokyo
2023-01-28 16:00:00,16.07,85.44,1.98,1.57,1015.34,Paris
2023-01-28 17:00:00,20.17,72.25,11.84,0.53,1023.35,Tokyo
2023-01-28 18:00:00,18.36,62.48,2.61,2.03,1004.64,Paris
2023-01-28 19:00:00,27.16,67.43,1.25,3.43,1027.24,London
2023-01-28 20:00:00,6.38,80.88,1.81,0.08,1012.08,Sydney
2023-01-28 21:00:00,25.09,77.94,0.02,1.38,1004.12,Sydney
2023-01-28 22:00:00,25.87,70.08,12.68,2.34,1022.98,London
2023-01-28 23:00:00,9.27,68.81,13.18,0.58,1010.13,Tokyo
2023-01-29 00:00:00,18.07,68.7,7.23,0.74,1020.6,Tokyo
2023-01-29 01:00:00,17.93,63.39,1.76,1.9,1010.08,New York
2023-01-29 02:00:00,12.75,88.77,0.87,4.56,1012.4,Paris
2023-01-29 03:00:00,15.9,69.39,0.19,3.32,1017.94,Tokyo
2023-01-29 04:00:00,14.23,84.79,1.81,1.75,1015.91,London
2023-01-29 05:00:00,28.55,87.83,22.15,2.62,993.04,Tokyo
2023-01-29 06:00:00,24.47,82.6,2.76,0.91,1001.79,Sydney
2023-01-29 07:00:00,26.15,68.3,4.37,2.05,1022.29,Paris
2023-01-29 08:00:00,23.4,76.65,1.11,1.26,1011.68,New York
2023-01-29 09:00:00,14.14,72.37,2.51,0.42,1007.76,Paris
2023-01-29 10:00:00,17.16,63.58,7.32,2.42,999.41,Sydney
2023-01-29 11:00:00,22.23,75.86,9.36,1.63,1002.2,Sydney
2023-01-29 12:00:00,13.68,60.83,2.82,0.89,992.78,Sydney
2023-01-29 13:00:00,23.35,84.49,0.59,4.85,1011.99,Sydney
2023-01-29 14:00:00,18.59,67.97,4.96,0.04,1007.02,London
2023-01-29 15:00:00,17.91,74.63,2.67,0.76,1003.33,New York
2023-01-29 16:00:00,23.34,75.45,2.48,0.12,1012.32,Sydney
2023-01-29 17:00:00,22.01,70.03,32.15,2.91,1016.64,Sydney
2023-01-29 18:00:00,17.98,78.48,9.58,2.42,1033.93,Tokyo
2023-01-29 19:00:00,25.58,67.87,8.14,0.8,997.88,New York
2023-01-29 20:00:00,14.38,81.33,5.37,2.25,1024.59,Paris
2023-01-29 21:00:00,22.87,59.16,5.6,1.01,1022.73,New York
2023-01-29 22:00:00,22.75,73.88,7.78,2.82,1005.21,New York
2023-01-29 23:00:00,18.24,92.0,11.92,1.21,1015.03,New York
2023-01-30 00:00:00,21.57,62.75,12.11,1.06,1008.42,Sydney
2023-01-30 01:00:00,13.68,65.98,1.88,5.46,1014.86,Sydney
2023-01-30 02:00:00,24.56,77.89,6.93,0.58,1028.09,London
2023-01-30 03:00:00,19.01,74.55,5.31,0.26,1019.06,Paris
2023-01-30 04:00:00,17.32,76.26,20.44,1.76,1018.09,Tokyo
2023-01-30 05:00:00,25.18,77.65,9.98,6.97,1008.7,New York
2023-01-30 06:00:00,16.42,79.1,7.6,0.95,998.16,Paris
2023-01-30 07:00:00,12.9,83.85,1.23,0.13,1010.92,Paris
2023-01-30 08:00:00,12.15,76.85,9.3,0.83,1025.07,London
2023-01-30 09:00:00,22.97,70.34,1.25,1.41,997.73,Tokyo
2023-01-30 10:00:00,13.54,79.48,4.11,0.35,1002.45,New York
2023-01-30 11:00:00,28.71,91.75,1.54,2.15,1014.26,Tokyo
2023-01-30 12:00:00,9.53,71.43,11.78,12.19,1003.15,London
2023-01-30 13:00:00,28.42,63.01,2.31,1.2,1005.07,Sydney
2023-01-30 14:00:00,20.99,83.82,4.97,0.88,1008.76,Paris
2023-01-30 15:00:00,19.45,71.55,22.6,1.02,999.34,New York
2023-01-30 16:00:00,17.21,51.03,2.29,0.24,1003.26,Sydney
2023-01-30 17:00:00,21.93,81.23,7.09,4.3,1020.03,London
2023-01-30 18:00:00,19.75,67.4,5.43,1.07,999.93,Tokyo
2023-01-30 19:00:00,25.45,71.85,0.18,0.98,997.02,Paris
2023-01-30 20:00:00,20.51,76.07,15.74,2.16,1006.7,New York
2023-01-30 21:00:00,20.69,74.66,0.72,1.17,1020.32,Sydney
2023-01-30 22:00:00,18.12,79.85,6.43,2.09,1011.03,Sydney
2023-01-30 23:00:00,19.65,68.4,8.23,0.13,1008.35,Paris
2023-01-31 00:00:00,21.63,78.02,9.9,3.36,1013.44,Tokyo
2023-01-31 01:00:00,11.54,70.29,11.67,5.64,995.54,London
2023-01-31 02:00:00,13.35,80.28,2.92,2.09,1017.95,Tokyo
2023-01-31 03:00:00,23.8,79.04,0.1,6.18,1016.83,Tokyo
2023-01-31 04:00:00,20.94,63.53,12.85,0.33,1008.91,Tokyo
2023-01-31 05:00:00,19.17,83.75,7.67,1.3,1023.06,Paris
2023-01-31 06:00:00,20.18,67.53,18.09,1.84,1001.73,Paris
2023-01-31 07:00:00,21.82,80.97,17.23,1.74,1024.28,London
2023-01-31 08:00:00,17.39,76.56,18.54,1.03,1014.54,Tokyo
2023-01-31 09:00:00,16.2,91.27,6.64,0.83,1009.63,Paris
2023-01-31 10:00:00,21.07,70.65,4.06,0.27,1012.8,London
2023-01-31 11:00:00,15.19,69.39,15.68,0.99,1011.93,London
2023-01-31 12:00:00,22.13,72.69,6.0,0.36,1025.2,Tokyo
2023-01-31 13:00:00,11.57,69.86,2.03,2.65,1002.23,New York
2023-01-31 14:00:00,25.23,80.89,19.31,0.47,1005.37,Tokyo
2023-01-31 15:00:00,22.45,56.72,21.42,0.12,1023.36,New York
2023-01-31 16:00:00,21.37,62.35,6.28,1.61,1007.04,London
2023-01-31 17:00:00,25.0,62.21,0.79,1.81,1022.01,Paris
2023-01-31 18:00:00,28.41,82.39,4.91,4.11,1029.99,Sydney
2023-01-31 19:00:00,25.16,89.99,16.27,1.72,1008.98,London
2023-01-31 20:00:00,10.88,71.84,23.2,0.85,1019.81,Paris
2023-01-31 21:00:00,13.69,71.2,2.27,3.25,1001.46,London
2023-01-31 22:00:00,16.96,73.59,0.69,1.55,1020.55,Tokyo
2023-01-31 23:00:00,20.22,84.51,20.98,0.17,1014.99,New York
2023-02-01 00:00:00,22.82,63.74,4.93,1.67,1017.73,London
2023-02-01 01:00:00,16.61,75.4,7.8,4.77,1006.54,Paris
2023-02-01 02:00:00,21.17,82.77,34.44,1.01,996.39,Tokyo
2023-02-01 03:00:00,16.46,78.03,0.69,0.7,1018.03,Sydney
2023-02-01 04:00:00,17.18,74.91,10.45,0.31,992.37,Tokyo
2023-02-01 05:00:00,13.2,83.03,0.77,0.33,1009.83,New York
2023-02-01 06:00:00,15.62,45.99,4.71,1.13,1022.41,Tokyo
2023-02-01 07:00:00,13.48,79.8,16.29,1.81,1014.92,Sydney
2023-02-01 08:00:00,15.35,66.48,5.68,0.17,1032.48,Paris
2023-02-01 09:00:00,25.5,54.71,58.72,5.61,1023.25,London
2023-02-01 10:00:00,15.49,78.13,8.19,2.81,1006.46,New York
2023-02-01 11:00:00,33.4,86.75,3.87,1.77,1013.27,Sydney
2023-02-01 12:00:00,22.7,71.64,2.49,3.53,1012.53,New York
2023-02-01 13:00:00,21.16,82.55,4.32,0.17,997.18,Tokyo
2023-02-01 14:00:00,15.94,89.14,4.66,1.3,1003.6,New York
2023-02-01 15:00:00,23.74,86.17,0.71,1.99,1007.39,Sydney
2023-02-01 16:00:00,17.36,89.42,4.61,3.53,992.64,London
2023-02-01 17:00:00,20.84,80.44,6.24,3.06,1013.47,London
2023-02-01 18:00:00,33.03,73.77,12.83,0.65,1010.51,New York
2023-02-01 19:00:00,19.75,57.0,10.69,5.66,996.27,Paris
2023-02-01 20:00:00,25.98,70.56,12.34,0.27,1017.04,New York
2023-02-01 21:00:00,16.72,64.59,0.08,4.16,1020.16,Tokyo
2023-02-01 22:00:00,20.06,94.73,2.45,7.08,1015.27,London
2023-02-01 23:00:00,29.09,71.26,10.84,0.39,1009.76,London
2023-02-02 00:00:00,17.25,74.38,6.62,2.56,1018.91,London
2023-02-02 01:00:00,29.44,78.66,0.05,0.08,1019.8,Paris
2023-02-02 02:00:00,23.92,73.58,16.32,1.04,1016.07,Paris
2023-02-02 03:00:00,17.57,90.09,14.82,1.45,1004.75,Sydney
2023-02-02 04:00:00,23.54,66.92,7.95,1.74,1015.77,New York
2023-02-02 05:00:00,25.24,75.09,0.69,5.5,1024.95,New York
2023-02-02 06:00:00,23.49,65.72,14.55,2.23,1007.03,Tokyo
2023-02-02 07:00:00,12.53,59.94,8.76,1.31,1033.98,London
2023-02-02 08:00:00,16.74,67.03,15.23,3.32,1007.74,Paris
2023-02-02 09:00:00,19.14,72.77,13.93,6.01,1013.32,Tokyo
2023-02-02 10:00:00,20.01,68.85,16.25,0.04,1006.28,Tokyo
2023-02-02 11:00:00,23.48,66.22,7.3,8.09,1015.23,Paris
2023-02-02 12:00:00,21.27,59.08,1.51,0.18,995.58,New York
2023-02-02 13:00:00,13.7,72.31,11.12,3.37,1007.54,London
2023-02-02 14:00:00,22.28,58.1,9.69,0.66,1002.08,New York
2023-02-02 15:00:00,23.43,80.74,13.56,0.28,1014.35,Tokyo
2023-02-02 16:00:00,23.18,73.97,1.86,1.16,1022.94,London
2023-02-02 17:00:00,25.78,58.57,2.17,2.07,1019.46,Sydney
2023-02-02 18:00:00,24.55,70.05,22.11,0.96,989.28,Tokyo
2023-02-02 19:00:00,22.68,65.62,13.86,0.11,1033.42,New York
2023-02-02 20:00:00,20.03,76.34,23.88,1.83,1015.95,New York
2023-02-02 21:00:00,12.08,86.55,14.22,4.65,1005.24,New York
2023-02-02 22:00:00,22.53,54.39,9.09,0.97,1014.57,Paris
2023-02-02 23:00:00,21.42,74.29,10.62,0.49,1014.76,Tokyo
2023-02-03 00:00:00,21.88,71.67,21.99,1.17,1006.33,London
2023-02-03 01:00:00,14.14,79.98,8.65,0.1,1014.98,New York
2023-02-03 02:00:00,15.12,75.4,10.01,3.44,1006.93,New York
2023-02-03 03:00:00,25.79,65.75,1.7,3.5,1008.96,Paris
2023-02-03 04:00:00,20.33,70.08,6.42,1.77,1006.14,London
2023-02-03 05:00:00,23.93,65.31,12.6,0.87,998.67,Tokyo
2023-02-03 06:00:00,20.67,84.03,3.16,3.22,1014.46,Sydney
2023-02-03 07:00:00,20.67,73.48,2.26,1.62,1018.85,Paris
2023-02-03 08:00:00,25.22,92.28,3.77,3.5,1018.15,Tokyo
2023-02-03 09:00:00,17.94,72.66,2.76,2.0,1021.2,Sydney
2023-02-03 10:00:00,21.0,66.18,2.42,3.07,1016.24,New York
2023-02-03 11:00:00,18.21,58.13,5.53,1.83,1007.67,New York
2023-02-03 12:00:00,18.35,55.24,23.84,1.07,1021.4,London
2023-02-03 13:00:00,18.98,57.43,7.07,6.34,999.42,Sydney
2023-02-03 14:00:00,21.64,75.94,2.08,1.56,1003.99,New York
2023-02-03 15:00:00,18.13,78.35,0.8,1.86,1003.36,New York
2023-02-03 16:00:00,26.8,57.45,11.91,0.5,1023.8,London
2023-02-03 17:00:00,16.05,82.22,4.83,1.97,1022.43,Tokyo
2023-02-03 18:00:00,19.59,68.44,17.25,1.7,1017.87,New York
2023-02-03 19:00:00,18.33,74.73,10.77,0.41,1023.72,Paris
2023-02-03 20:00:00,27.76,89.39,15.91,0.12,1004.21,Paris
2023-02-03 21:00:00,21.51,82.23,3.17,1.85,1016.49,Tokyo
2023-02-03 22:00:00,25.68,70.58,11.79,2.89,1011.75,Sydney
2023-02-03 23:00:00,13.1,64.35,3.07,1.48,1021.47,London
2023-02-04 00:00:00,22.0,51.87,27.98,0.51,1011.85,Paris
2023-02-04 01:00:00,25.12,66.19,10.12,2.2,1009.15,Paris
2023-02-04 02:00:00,21.08,71.27,3.92,0.17,1018.41,Tokyo
2023-02-04 03:00:00,25.99,63.51,3.14,1.17,1021.76,Sydney
2023-02-04 04:00:00,18.08,72.07,2.12,0.36,1006.32,Sydney
2023-02-04 05:00:00,27.71,74.15,11.86,0.41,1012.39,Tokyo
2023-02-04 06:00:00,32.16,71.14,2.47,0.45,1002.42,Paris
2023-02-04 07:00:00,18.85,66.89,9.05,0.98,988.02,London
2023-02-04 08:00:00,18.44,75.07,3.07,0.11,1015.0,Paris
2023-02-04 09:00:00,27.93,77.8,10.85,1.01,1019.09,Sydney
2023-02-04 10:00:00,28.56,62.48,16.87,1.43,1015.62,Paris
2023-02-04 11:00:00,18.05,87.49,15.05,1.32,993.5,London
2023-02-04 12:00:00,18.57,72.4,14.31,0.97,1009.49,New York
2023-02-04 13:00:00,19.26,73.57,2.08,3.65,990.82,Paris
2023-02-04 14:00:00,13.94,80.47,0.93,0.31,1026.7,Tokyo
2023-02-04 15:00:00,16.07,75.72,12.0,1.41,1002.14,New York
2023-02-04 16:00:00,15.65,82.92,4.59,0.13,1025.55,Tokyo
2023-02-04 17:00:00,16.83,76.26,5.66,0.15,1022.46,Tokyo
2023-02-04 18:00:00,20.49,67.26,0.32,1.71,1003.99,Tokyo
2023-02-04 19:00:00,21.84,77.0,3.01,1.67,1001.67,Paris
2023-02-04 20:00:00,28.42,61.95,0.34,4.21,1016.5,Sydney
2023-02-04 21:00:00,15.68,74.47,21.14,1.63,1004.56,New York
2023-02-04 22:00:00,25.59,73.05,2.79,6.43,1014.02,London
2023-02-04 23:00:00,19.6,71.3,8.15,0.1,1008.17,Sydney
2023-02-05 00:00:00,20.56,72.21,0.4,0.21,995.19,Paris
2023-02-05 01:00:00,24.18,54.68,10.99,0.09,990.7,Tokyo
2023-02-05 02:00:00,15.19,68.01,3.9,0.41,1015.27,London
2023-02-05 03:00:00,22.72,74.43,22.82,1.56,1007.38,New York
2023-02-05 04:00:00,21.64,75.1,21.9,2.07,1007.47,Sydney
2023-02-05 05:00:00,23.27,63.22,3.93,0.09,1019.96,Sydney
2023-02-05 06:00:00,22.25,86.16,23.12,5.84,1024.73,London
2023-02-05 07:00:00,33.08,64.84,55.62,3.69,1010.27,Paris
2023-02-05 08:00:00,17.62,83.19,17.45,0.7,1009.59,New York
2023-02-05 09:00:00,18.15,77.77,18.64,0.16,1018.0,London
2023-02-05 10:00:00,17.69,67.04,2.86,0.37,999.43,Tokyo
2023-02-05 11:00:00,18.03,91.25,8.6,0.27,1015.23,New York
2023-02-05 12:00:00,17.62,61.56,0.7,0.26,1018.52,Sydney
2023-02-05 13:00:00,26.75,82.69,1.0,1.46,1019.8,London
2023-02-05 14:00:00,27.91,83.51,68.06,0.56,993.63,Sydney
2023-02-05 15:00:00,17.95,66.79,3.95,0.89,1005.39,Sydney
2023-02-05 16:00:00,16.65,87.42,13.79,9.11,1004.22,Sydney
2023-02-05 17:00:00,23.17,71.0,16.43,2.31,1014.0,Paris
2023-02-05 18:00:00,18.05,76.39,19.52,5.95,1017.81,Sydney
2023-02-05 19:00:00,23.97,76.1,60.44,0.31,1027.97,Tokyo
2023-02-05 20:00:00,21.82,72.16,2.76,0.96,1008.05,Tokyo
2023-02-05 21:00:00,13.23,81.61,0.41,1.62,1008.02,New York
2023-02-05 22:00:00,28.55,81.43,5.3,0.16,1024.5,Sydney
2023-02-05 23:00:00,29.79,56.01,1.39,0.01,1015.97,Sydney
2023-02-06 00:00:00,17.88,86.65,0.23,2.22,1025.68,London
2023-02-06 01:00:00,19.01,56.99,4.47,2.05,1015.89,Paris
2023-02-06 02:00:00,22.38,83.94,15.31,1.06,1001.43,New York
2023-02-06 03:00:00,22.62,84.88,8.35,1.35,999.67,Sydney
2023-02-06 04:00:00,24.24,62.7,3.75,1.07,997.48,London
2023-02-06 05:00:00,31.0,69.5,10.62,0.05,1019.62,Paris
2023-02-06 06:00:00,20.06,62.55,2.64,0.82,1024.89,New York
2023-02-06 07:00:00,16.96,71.46,0.14,0.39,1031.49,New York
2023-02-06 08:00:00,14.05,70.53,14.45,0.21,1021.43,Sydney
2023-02-06 09:00:00,17.29,81.41,9.77,6.28,1024.63,New York
2023-02-06 10:00:00,20.78,86.71,14.37,1.83,1007.2,London
2023-02-06 11:00:00,29.92,87.57,0.4,2.61,1001.44,New York
2023-02-06 12:00:00,18.36,67.99,18.15,0.76,1021.5,Tokyo
2023-02-06 13:00:00,22.07,71.52,9.66,1.0,1017.18,London
2023-02-06 14:00:00,20.87,56.78,8.29,0.54,1014.07,Paris
2023-02-06 15:00:00,26.89,65.55,9.8,0.2,1016.87,Paris
2023-02-06 16:00:00,33.58,83.26,19.98,0.39,1016.23,Sydney
2023-02-06 17:00:00,18.29,89.77,8.84,3.19,1025.84,Sydney
2023-02-06 18:00:00,18.5,61.27,8.7,2.26,1025.95,Tokyo
2023-02-06 19:00:00,26.17,67.69,46.76,1.58,1018.44,Paris
2023-02-06 20:00:00,24.36,73.35,14.14,1.29,1021.46,Paris
2023-02-06 21:00:00,30.18,76.41,5.84,5.11,1018.14,Paris
2023-02-06 22:00:00,23.87,65.51,12.29,0.15,1008.39,Paris
2023-02-06 23:00:00,19.15,77.85,4.93,0.66,1020.57,New York
2023-02-07 00:00:00,24.04,68.98,2.6,0.86,999.06,London
2023-02-07 01:00:00,26.63,73.57,9.08,3.05,1023.54,London
2023-02-07 02:00:00,25.19,79.18,26.34,9.79,1001.05,Tokyo
2023-02-07 03:00:00,23.62,73.78,26.47,0.55,1015.86,New York
2023-02-07 04:00:00,26.42,69.35,4.18,4.15,1004.55,Paris
2023-02-07 05:00:00,26.93,72.62,7.5,3.55,1018.53,Paris
2023-02-07 06:00:00,28.0,72.83,2.38,0.51,1012.66,Sydney
2023-02-07 07:00:00,24.33,70.02,54.33,1.02,997.05,Sydney
2023-02-07 08:00:00,20.25,71.13,39.7,1.05,1017.21,Tokyo
2023-02-07 09:00:00,21.82,89.7,10.48,7.65,1007.22,Paris
2023-02-07 10:00:00,27.12,79.33,16.32,0.4,1021.81,Tokyo
2023-02-07 11:00:00,17.0,70.76,12.56,3.21,1013.01,New York
2023-02-07 12:00:00,22.93,80.69,8.99,0.81,1016.95,London
2023-02-07 13:00:00,19.12,70.38,0.55,2.63,1003.42,Paris
2023-02-07 14:00:00,21.23,85.45,6.07,1.09,1007.11,New York
2023-02-07 15:00:00,27.48,77.41,11.23,1.73,1008.41,Paris
2023-02-07 16:00:00,22.04,72.64,11.32,3.57,1021.57,Sydney
2023-02-07 17:00:00,21.32,78.19,4.67,3.26,1029.77,Tokyo
2023-02-07 18:00:00,14.29,58.01,28.42,4.03,1004.95,Sydney
2023-02-07 19:00:00,24.82,62.45,1.83,0.12,1023.77,London
2023-02-07 20:00:00,24.31,61.78,6.94,2.36,991.3,Sydney
2023-02-07 21:00:00,31.9,75.15,11.74,0.3,1001.06,Paris
2023-02-07 22:00:00,19.55,91.04,11.94,1.08,1003.41,Sydney
2023-02-07 23:00:00,22.18,96.03,10.46,1.59,999.47,Paris
2023-02-08 00:00:00,22.47,80.2,3.22,1.03,997.16,London
2023-02-08 01:00:00,29.11,78.83,1.7,1.47,1017.13,Sydney
2023-02-08 02:00:00,20.74,55.81,10.1,11.33,1010.86,Tokyo
2023-02-08 03:00:00,22.62,68.39,9.15,0.29,1016.79,Tokyo
2023-02-08 04:00:00,24.26,65.94,1.98,2.25,1019.9,Tokyo
2023-02-08 05:00:00,22.15,67.61,12.21,1.01,1015.66,Sydney
2023-02-08 06:00:00,18.99,72.14,6.07,0.29,1019.58,Sydney
2023-02-08 07:00:00,22.19,69.1,11.02,0.35,1012.3,Sydney
2023-02-08 08:00:00,26.59,54.03,18.16,5.96,1001.13,Paris
2023-02-08 09:00:00,16.09,81.3,1.86,4.23,1023.58,London
2023-02-08 10:00:00,21.89,63.09,0.19,4.75,1007.11,Tokyo
2023-02-08 11:00:00,17.72,76.21,15.1,9.54,1003.64,Paris
2023-02-08 12:00:00,27.2,94.56,9.41,0.47,1011.22,Tokyo
2023-02-08 13:00:00,13.6,64.63,12.03,0.88,1003.87,Paris
2023-02-08 14:00:00,18.43,48.52,18.21,2.21,1008.83,Sydney
2023-02-08 15:00:00,23.11,70.96,16.24,1.32,1016.44,Tokyo
2023-02-08 16:00:00,29.05,84.83,32.42,1.08,1016.48,Sydney
2023-02-08 17:00:00,20.89,93.4,7.68,0.89,1004.02,Tokyo
2023-02-08 18:00:00,18.44,61.52,6.7,1.8,1008.12,New York
2023-02-08 19:00:00,30.63,78.79,5.14,1.71,1023.74,Paris
2023-02-08 20:00:00,13.98,69.17,1.67,0.35,1017.96,New York
2023-02-08 21:00:00,10.23,72.76,8.5,1.28,1033.75,Paris
2023-02-08 22:00:00,23.42,100.0,3.24,1.61,1024.8,London
2023-02-08 23:00:00,18.71,58.79,25.42,1.69,1024.44,Tokyo
2023-02-09 00:00:00,16.25,76.45,8.75,0.47,999.12,London
2023-02-09 01:00:00,24.9,78.59,8.99,2.71,1020.64,London
2023-02-09 02:00:00,22.57,84.78,4.38,0.05,1012.47,Paris
2023-02-09 03:00:00,18.53,74.9,0.53,0.88,1007.49,New York
2023-02-09 04:00:00,14.95,77.0,0.32,3.03,1014.68,Sydney
2023-02-09 05:00:00,25.72,70.0,5.5,1.66,1022.45,Paris
2023-02-09 06:00:00,24.61,76.61,0.88,0.61,1018.01,Sydney
2023-02-09 07:00:00,20.86,70.49,9.34,2.37,1004.22,London
2023-02-09 08:00:00,30.59,80.13,21.28,1.68,1020.42,Sydney
2023-02-09 09:00:00,16.0,70.22,21.45,3.18,1006.62,New York
2023-02-09 10:00:00,13.73,77.69,10.76,2.66,1015.17,Paris
2023-02-09 11:00:00,17.89,73.62,2.37,1.88,1009.97,New York
2023-02-09 12:00:00,21.13,85.18,19.88,1.34,1010.81,New York
2023-02-09 13:00:00,22.57,73.4,21.72,0.29,1020.66,Paris
2023-02-09 14:00:00,20.15,56.19,2.19,0.61,1002.6,New York
2023-02-09 15:00:00,23.11,86.54,13.37,1.09,1032.45,Tokyo
2023-02-09 16:00:00,15.1,64.86,3.38,1.83,994.79,Tokyo
2023-02-09 17:00:00,28.57,67.38,16.23,1.44,1007.02,Tokyo
2023-02-09 18:00:00,20.94,67.96,58.92,0.68,1016.7,Sydney
2023-02-09 19:00:00,26.94,87.66,0.3,0.01,1018.84,New York
2023-02-09 20:00:00,23.07,52.56,22.77,1.37,1012.0,Paris
2023-02-09 21:00:00,23.64,100.0,9.75,0.67,1012.43,Paris
2023-02-09 22:00:00,24.2,84.48,36.26,2.65,1017.11,Sydney
2023-02-09 23:00:00,23.59,76.15,6.26,0.05,1010.69,Paris
2023-02-10 00:00:00,24.7,73.46,18.8,1.76,1026.93,Tokyo
2023-02-10 01:00:00,28.13,76.87,0.64,5.68,1021.39,New York
2023-02-10 02:00:00,22.47,79.22,4.08,0.38,1021.73,Paris
2023-02-10 03:00:00,25.03,80.46,0.69,1.28,1003.34,Paris
2023-02-10 04:00:00,21.04,79.57,37.03,0.19,1012.21,London
2023-02-10 05:00:00,28.69,74.91,16.98,1.97,1010.0,London
2023-02-10 06:00:00,18.1,72.04,19.14,1.6,1002.94,London
2023-02-10 07:00:00,30.49,72.5,27.8,1.05,1016.6,New York
2023-02-10 08:00:00,21.29,72.06,0.89,1.47,1007.62,Tokyo
2023-02-10 09:00:00,14.33,85.35,4.87,4.54,1019.55,Tokyo
2023-02-10 10:00:00,22.13,79.95,0.74,0.44,1002.3,Tokyo
2023-02-10 11:00:00,18.08,44.61,2.37,0.05,1030.19,New York
2023-02-10 12:00:00,25.69,80.57,2.61,3.96,1004.04,New York
2023-02-10 13:00:00,18.22,75.96,6.33,1.72,1015.19,London
2023-02-10 14:00:00,19.26,73.82,3.13,4.43,1020.92,Paris
2023-02-10 15:00:00,12.04,70.13,1.06,1.82,1007.29,Sydney
2023-02-10 16:00:00,19.22,85.25,1.83,3.32,1021.52,Sydney
2023-02-10 17:00:00,9.37,83.49,1.59,1.12,1000.71,Paris
2023-02-10 18:00:00,13.57,66.28,36.15,2.77,1027.52,London
2023-02-10 19:00:00,25.29,78.08,14.24,4.88,1013.14,Paris
2023-02-10 20:00:00,25.42,64.3,34.35,1.7,1007.04,Paris
2023-02-10 21:00:00,23.61,60.22,5.79,0.4,1010.01,Sydney
2023-02-10 22:00:00,16.65,67.74,3.26,0.63,1021.09,London
2023-02-10 23:00:00,21.25,82.64,16.01,0.44,1007.16,New York
2023-02-11 00:00:00,21.6,83.63,3.95,0.57,1005.51,Sydney
2023-02-11 01:00:00,15.82,79.23,3.56,0.73,1010.78,New York
2023-02-11 02:00:00,29.13,81.35,2.65,1.62,1001.23,London
2023-02-11 03:00:00,26.0,79.26,1.39,1.77,1031.21,Paris
2023-02-11 04:00:00,20.51,67.69,2.96,1.11,1007.34,Tokyo
2023-02-11 05:00:00,21.75,78.42,4.39,1.91,1021.32,Tokyo
2023-02-11 06:00:00,22.66,82.11,11.21,0.17,1015.09,London
2023-02-11 07:00:00,11.41,81.64,0.65,0.18,1003.15,Tokyo
2023-02-11 08:00:00,20.38,85.99,2.36,0.38,1012.94,New York
2023-02-11 09:00:00,18.21,81.18,16.56,1.46,1020.84,Tokyo
2023-02-11 10:00:00,16.61,77.62,1.59,0.48,1011.12,London
2023-02-11 11:00:00,20.21,84.8,4.2,0.67,1024.93,London
2023-02-11 12:00:00,30.6,73.84,20.0,1.02,1023.22,New York
2023-02-11 13:00:00,24.82,65.28,1.68,3.34,1022.19,Tokyo
2023-02-11 14:00:00,18.76,72.47,0.86,0.03,1008.4,Tokyo
2023-02-11 15:00:00,24.48,66.65,6.63,2.1,1002.2,Paris
